{"cameraMode":{"drawMode":0,"name":"Shaded","section":"Shading Mode"},"sceneLighting":false,"audioPlay":false,"sceneViewState":{"showFog":true,"showMaterialUpdate":false,"showSkybox":false,"showFlares":true,"showImageEffects":true,"showParticleSystems":true},"in2DMode":false,"pivot":{"x":0.811928927898407,"y":0.3467981219291687,"z":-0.2799106240272522},"rotation":{"x":-0.0810425654053688,"y":-0.8818946480751038,"z":0.16457810997962953,"w":-0.43473929166793826},"size":2.2670140266418459,"orthographic":false}