{"cameraMode":{"drawMode":0,"name":"Shaded","section":"Shading Mode"},"sceneLighting":false,"audioPlay":false,"sceneViewState":{"showFog":true,"showMaterialUpdate":false,"showSkybox":false,"showFlares":true,"showImageEffects":true,"showParticleSystems":true},"in2DMode":false,"pivot":{"x":0.0,"y":0.9924999475479126,"z":0.29027581214904787},"rotation":{"x":0.062020257115364078,"y":-0.9380578994750977,"z":0.2504933476448059,"w":0.232044979929924},"size":5.767070293426514,"orthographic":false}