{"cameraMode":{"drawMode":0,"name":"Shaded","section":"Shading Mode"},"sceneLighting":false,"audioPlay":false,"sceneViewState":{"showFog":true,"showMaterialUpdate":false,"showSkybox":false,"showFlares":true,"showImageEffects":true,"showParticleSystems":true},"in2DMode":false,"pivot":{"x":-0.15484511852264405,"y":0.23484615981578828,"z":0.35273265838623049},"rotation":{"x":0.11316858232021332,"y":-0.8723095655441284,"z":0.23994885385036469,"w":0.4111986458301544},"size":2.0031213760375978,"orthographic":false}