{"cameraMode":{"drawMode":0,"name":"Shaded","section":"Shading Mode"},"sceneLighting":false,"audioPlay":false,"sceneViewState":{"showFog":true,"showMaterialUpdate":false,"showSkybox":false,"showFlares":true,"showImageEffects":true,"showParticleSystems":true},"in2DMode":false,"pivot":{"x":23.12252426147461,"y":-0.3393549919128418,"z":12.636483192443848},"rotation":{"x":0.24932429194450379,"y":0.7067930102348328,"z":-0.2979823052883148,"w":0.5914886593818665},"size":6.108428955078125,"orthographic":false}