{"cameraMode":{"drawMode":0,"name":"Shaded","section":"Shading Mode"},"sceneLighting":false,"audioPlay":false,"sceneViewState":{"showFog":true,"showMaterialUpdate":false,"showSkybox":false,"showFlares":true,"showImageEffects":true,"showParticleSystems":true},"in2DMode":false,"pivot":{"x":-5.960464477539063e-8,"y":0.9233397245407105,"z":0.2637845277786255},"rotation":{"x":0.062020257115364078,"y":-0.9380578994750977,"z":0.2504933476448059,"w":0.232044979929924},"size":5.225407123565674,"orthographic":false}