{"cameraMode":{"drawMode":0,"name":"Shaded","section":"Shading Mode"},"sceneLighting":false,"audioPlay":false,"sceneViewState":{"showFog":true,"showMaterialUpdate":false,"showSkybox":false,"showFlares":true,"showImageEffects":true,"showParticleSystems":true},"in2DMode":false,"pivot":{"x":1.4421918392181397,"y":0.06748244911432266,"z":-1.4881384372711182},"rotation":{"x":0.07324984669685364,"y":0.9035839438438416,"z":-0.17598293721675874,"w":0.3848169147968292},"size":7.5117950439453129,"orthographic":false}