{"cameraMode":{"drawMode":0,"name":"Shaded","section":"Shading Mode"},"sceneLighting":false,"audioPlay":false,"sceneViewState":{"showFog":true,"showMaterialUpdate":false,"showSkybox":true,"showFlares":true,"showImageEffects":true,"showParticleSystems":true},"in2DMode":false,"pivot":{"x":294.9564208984375,"y":-1.1166715621948243,"z":-324.42474365234377},"rotation":{"x":0.2518848478794098,"y":0.514238178730011,"z":-0.16095542907714845,"w":0.8038778305053711},"size":9.908373832702637,"orthographic":false}