{"cameraMode":{"drawMode":0,"name":"Shaded","section":"Shading Mode"},"sceneLighting":false,"audioPlay":false,"sceneViewState":{"showFog":true,"showMaterialUpdate":false,"showSkybox":false,"showFlares":true,"showImageEffects":true,"showParticleSystems":true},"in2DMode":false,"pivot":{"x":-1.381959080696106,"y":-1.7013351917266846,"z":0.8238732218742371},"rotation":{"x":0.03385704383254051,"y":-0.9485025405883789,"z":0.2964763045310974,"w":0.10811779648065567},"size":14.281648635864258,"orthographic":false}