{"cameraMode":{"drawMode":0,"name":"Shaded","section":"Shading Mode"},"sceneLighting":false,"audioPlay":false,"sceneViewState":{"showFog":true,"showMaterialUpdate":false,"showSkybox":false,"showFlares":true,"showImageEffects":true,"showParticleSystems":true},"in2DMode":false,"pivot":{"x":5.685143947601318,"y":-2.6689305305480959,"z":-4.804324626922607},"rotation":{"x":0.09822084754705429,"y":0.8766892552375794,"z":-0.20660671591758729,"w":0.4242231845855713},"size":10.239198684692383,"orthographic":false}