{"cameraMode":{"drawMode":0,"name":"Shaded","section":"Shading Mode"},"sceneLighting":false,"audioPlay":false,"sceneViewState":{"showFog":true,"showMaterialUpdate":false,"showSkybox":false,"showFlares":true,"showImageEffects":true,"showParticleSystems":true},"in2DMode":false,"pivot":{"x":-0.028659358620643617,"y":2.152801990509033,"z":-2.2355310916900636},"rotation":{"x":0.05813739076256752,"y":-0.8897508382797241,"z":0.1180635467171669,"w":0.4375104606151581},"size":5.661473751068115,"orthographic":false}