{"cameraMode":{"drawMode":0,"name":"Shaded","section":"Shading Mode"},"sceneLighting":false,"audioPlay":false,"sceneViewState":{"showFog":true,"showMaterialUpdate":false,"showSkybox":false,"showFlares":true,"showImageEffects":true,"showParticleSystems":true},"in2DMode":false,"pivot":{"x":0.6064691543579102,"y":0.9395503401756287,"z":0.2065577507019043},"rotation":{"x":0.09091673046350479,"y":0.8769774436950684,"z":-0.18404161930084229,"w":0.4349689483642578},"size":1.9416582584381104,"orthographic":false}