{"cameraMode":{"drawMode":0,"name":"Shaded","section":"Shading Mode"},"sceneLighting":false,"audioPlay":false,"sceneViewState":{"showFog":true,"showMaterialUpdate":false,"showSkybox":false,"showFlares":true,"showImageEffects":true,"showParticleSystems":true},"in2DMode":false,"pivot":{"x":1.9206509590148926,"y":0.948372483253479,"z":8.52318286895752},"rotation":{"x":-0.19403716921806336,"y":-0.00010236269008601084,"z":-0.00008158670243574306,"w":-0.9810886979103088},"size":23.729358673095704,"orthographic":false}