{"cameraMode":{"drawMode":0,"name":"Shaded","section":"Shading Mode"},"sceneLighting":false,"audioPlay":false,"sceneViewState":{"showFog":true,"showMaterialUpdate":false,"showSkybox":true,"showFlares":true,"showImageEffects":true,"showParticleSystems":true},"in2DMode":false,"pivot":{"x":-72.52723693847656,"y":-15.997513771057129,"z":-66.60543823242188},"rotation":{"x":0.008638610132038594,"y":0.9778368473052979,"z":-0.20561303198337556,"w":0.04070354625582695},"size":118.25390625,"orthographic":false}