{"cameraMode":{"drawMode":0,"name":"Shaded","section":"Shading Mode"},"sceneLighting":false,"audioPlay":false,"sceneViewState":{"showFog":true,"showMaterialUpdate":false,"showSkybox":true,"showFlares":true,"showImageEffects":true,"showParticleSystems":true},"in2DMode":false,"pivot":{"x":-32.90238952636719,"y":-12.425069808959961,"z":36.2585334777832},"rotation":{"x":0.01534191519021988,"y":0.9638300538063049,"z":-0.26022547483444216,"w":0.057144008576869968},"size":81.89041900634766,"orthographic":false}