{"cameraMode":{"drawMode":0,"name":"Shaded","section":"Shading Mode"},"sceneLighting":false,"audioPlay":false,"sceneViewState":{"showFog":true,"showMaterialUpdate":false,"showSkybox":true,"showFlares":true,"showImageEffects":true,"showParticleSystems":true},"in2DMode":false,"pivot":{"x":-11.866888999938965,"y":0.8738632798194885,"z":-62.92060089111328},"rotation":{"x":-0.19848619401454926,"y":-0.8005833029747009,"z":0.4138975441455841,"w":-0.38617783784866335},"size":105.11492156982422,"orthographic":false}