{"cameraMode":{"drawMode":0,"name":"Shaded","section":"Shading Mode"},"sceneLighting":false,"audioPlay":false,"sceneViewState":{"showFog":true,"showMaterialUpdate":false,"showSkybox":false,"showFlares":true,"showImageEffects":true,"showParticleSystems":true},"in2DMode":false,"pivot":{"x":3.0669145584106447,"y":8.321044921875,"z":-0.8237051963806152},"rotation":{"x":-0.24086126685142518,"y":-0.6833863854408264,"z":0.2574644982814789,"w":-0.6395055055618286},"size":15.472628593444825,"orthographic":false}