{"cameraMode":{"drawMode":0,"name":"Shaded","section":"Shading Mode"},"sceneLighting":true,"audioPlay":false,"sceneViewState":{"showFog":true,"showMaterialUpdate":false,"showSkybox":true,"showFlares":true,"showImageEffects":true,"showParticleSystems":true},"in2DMode":false,"pivot":{"x":411.56207275390627,"y":174.43731689453126,"z":-496.43267822265627},"rotation":{"x":0.48704880475997927,"y":-0.2912192642688751,"z":0.17635466158390046,"w":0.8042912483215332},"size":1244.62939453125,"orthographic":false}