{"cameraMode":{"drawMode":0,"name":"Shaded","section":"Shading Mode"},"sceneLighting":false,"audioPlay":false,"sceneViewState":{"showFog":true,"showMaterialUpdate":false,"showSkybox":false,"showFlares":true,"showImageEffects":true,"showParticleSystems":true},"in2DMode":false,"pivot":{"x":4.01945686340332,"y":-7.67587947845459,"z":-0.41657257080078127},"rotation":{"x":0.11395039409399033,"y":0.8573947548866272,"z":-0.2152266651391983,"w":0.45380181074142458},"size":2.268505096435547,"orthographic":false}