{"cameraMode":{"drawMode":0,"name":"Shaded","section":"Shading Mode"},"sceneLighting":false,"audioPlay":false,"sceneViewState":{"showFog":true,"showMaterialUpdate":false,"showSkybox":true,"showFlares":true,"showImageEffects":true,"showParticleSystems":true},"in2DMode":false,"pivot":{"x":-39.2459716796875,"y":4.987222671508789,"z":52.771427154541019},"rotation":{"x":0.11656554788351059,"y":0.27865612506866457,"z":-0.034344207495450976,"w":0.9528555870056152},"size":2.8578836917877199,"orthographic":false}