{"cameraMode":{"drawMode":0,"name":"Shaded","section":"Shading Mode"},"sceneLighting":false,"audioPlay":false,"sceneViewState":{"showFog":true,"showMaterialUpdate":false,"showSkybox":false,"showFlares":true,"showImageEffects":true,"showParticleSystems":true},"in2DMode":false,"pivot":{"x":16.05900001525879,"y":0.7670339345932007,"z":11.666600227355957},"rotation":{"x":0.09618828445672989,"y":0.7347613573074341,"z":-0.10647379606962204,"w":0.6632562875747681},"size":1.2336235046386719,"orthographic":false}