{"cameraMode":{"drawMode":0,"name":"Shaded","section":"Shading Mode"},"sceneLighting":false,"audioPlay":false,"sceneViewState":{"showFog":true,"showMaterialUpdate":false,"showSkybox":false,"showFlares":true,"showImageEffects":true,"showParticleSystems":true},"in2DMode":false,"pivot":{"x":17.921653747558595,"y":0.6360336542129517,"z":10.93248176574707},"rotation":{"x":0.007012296002358198,"y":-0.9877001643180847,"z":0.15074661374092103,"w":0.04546893760561943},"size":5.6879472732543949,"orthographic":false}