{"cameraMode":{"drawMode":0,"name":"Shaded","section":"Shading Mode"},"sceneLighting":false,"audioPlay":false,"sceneViewState":{"showFog":true,"showMaterialUpdate":false,"showSkybox":false,"showFlares":true,"showImageEffects":true,"showParticleSystems":true},"in2DMode":false,"pivot":{"x":0.08230406045913696,"y":-0.45263731479644778,"z":1.8206058740615845},"rotation":{"x":-0.24180126190185548,"y":0.046770017594099048,"z":-0.011571413837373257,"w":-0.9693301916122437},"size":6.215076923370361,"orthographic":false}