{"cameraMode":{"drawMode":0,"name":"Shaded","section":"Shading Mode"},"sceneLighting":false,"audioPlay":false,"sceneViewState":{"showFog":true,"showMaterialUpdate":false,"showSkybox":true,"showFlares":true,"showImageEffects":true,"showParticleSystems":true},"in2DMode":false,"pivot":{"x":389.7098693847656,"y":640.3225708007813,"z":374.8797912597656},"rotation":{"x":0.002955788979306817,"y":0.010622816160321236,"z":-0.0001315276458626613,"w":1.000062108039856},"size":696.5848999023438,"orthographic":false}