{"cameraMode":{"drawMode":0,"name":"Shaded","section":"Shading Mode"},"sceneLighting":false,"audioPlay":false,"sceneViewState":{"showFog":true,"showMaterialUpdate":false,"showSkybox":false,"showFlares":true,"showImageEffects":true,"showParticleSystems":true},"in2DMode":false,"pivot":{"x":-0.8750765323638916,"y":0.20100077986717225,"z":0.6318750381469727},"rotation":{"x":0.13121289014816285,"y":-0.8102515339851379,"z":0.19821353256702424,"w":0.536076545715332},"size":2.6578969955444338,"orthographic":false}