{"cameraMode":{"drawMode":0,"name":"Shaded","section":"Shading Mode"},"sceneLighting":false,"audioPlay":false,"sceneViewState":{"showFog":true,"showMaterialUpdate":false,"showSkybox":false,"showFlares":true,"showImageEffects":true,"showParticleSystems":true},"in2DMode":false,"pivot":{"x":-1.459189534187317,"y":0.5101020336151123,"z":1.2087386846542359},"rotation":{"x":0.10194627940654755,"y":-0.8707782030105591,"z":0.2033732384443283,"w":0.4363272786140442},"size":2.0616276264190676,"orthographic":false}