{"cameraMode":{"drawMode":0,"name":"Shaded","section":"Shading Mode"},"sceneLighting":false,"audioPlay":false,"sceneViewState":{"showFog":true,"showMaterialUpdate":false,"showSkybox":false,"showFlares":true,"showImageEffects":true,"showParticleSystems":true},"in2DMode":false,"pivot":{"x":-0.6463268995285034,"y":-1.1392261981964112,"z":1.0444998741149903},"rotation":{"x":-0.4228779673576355,"y":0.12748223543167115,"z":-0.06034509092569351,"w":-0.8953633904457092},"size":10.002336502075196,"orthographic":false}