{"cameraMode":{"drawMode":0,"name":"Shaded","section":"Shading Mode"},"sceneLighting":false,"audioPlay":false,"sceneViewState":{"showFog":true,"showMaterialUpdate":false,"showSkybox":true,"showFlares":true,"showImageEffects":true,"showParticleSystems":true},"in2DMode":false,"pivot":{"x":41.767494201660159,"y":-86.2550048828125,"z":164.66073608398438},"rotation":{"x":0.0544884167611599,"y":0.8993216156959534,"z":-0.41834720969200137,"w":0.11904256790876389},"size":244.99473571777345,"orthographic":false}