{"cameraMode":{"drawMode":0,"name":"Shaded","section":"Shading Mode"},"sceneLighting":false,"audioPlay":false,"sceneViewState":{"showFog":true,"showMaterialUpdate":false,"showSkybox":false,"showFlares":true,"showImageEffects":true,"showParticleSystems":true},"in2DMode":false,"pivot":{"x":-6.61582612991333,"y":-5.965056419372559,"z":-16.336612701416017},"rotation":{"x":-0.029703957960009576,"y":0.9700973629951477,"z":-0.16033105552196504,"w":-0.18088003993034364},"size":27.632871627807618,"orthographic":false}