{"cameraMode":{"drawMode":0,"name":"Shaded","section":"Shading Mode"},"sceneLighting":false,"audioPlay":false,"sceneViewState":{"showFog":true,"showMaterialUpdate":false,"showSkybox":false,"showFlares":true,"showImageEffects":true,"showParticleSystems":true},"in2DMode":false,"pivot":{"x":-0.31392261385917666,"y":-0.35171985626220705,"z":0.35799169540405276},"rotation":{"x":0.009503087028861046,"y":-0.9660557508468628,"z":0.25643134117126467,"w":0.03577591851353645},"size":10.01960563659668,"orthographic":false}