{"cameraMode":{"drawMode":0,"name":"Shaded","section":"Shading Mode"},"sceneLighting":false,"audioPlay":false,"sceneViewState":{"showFog":true,"showMaterialUpdate":false,"showSkybox":true,"showFlares":true,"showImageEffects":true,"showParticleSystems":true},"in2DMode":false,"pivot":{"x":6.318126678466797,"y":50.126731872558597,"z":-39.93325424194336},"rotation":{"x":0.14452248811721803,"y":0.8523290753364563,"z":-0.3122875392436981,"w":0.3940766453742981},"size":104.68110656738281,"orthographic":false}