{"cameraMode":{"drawMode":0,"name":"Shaded","section":"Shading Mode"},"sceneLighting":false,"audioPlay":false,"sceneViewState":{"showFog":true,"showMaterialUpdate":false,"showSkybox":false,"showFlares":true,"showImageEffects":true,"showParticleSystems":true},"in2DMode":false,"pivot":{"x":0.36904728412628176,"y":0.27837425470352175,"z":-0.08958739042282105},"rotation":{"x":0.10615380853414536,"y":-0.8929214477539063,"z":0.2849981188774109,"w":0.3325490653514862},"size":0.7828718423843384,"orthographic":false}