{"cameraMode":{"drawMode":0,"name":"Shaded","section":"Shading Mode"},"sceneLighting":false,"audioPlay":false,"sceneViewState":{"showFog":true,"showMaterialUpdate":false,"showSkybox":false,"showFlares":true,"showImageEffects":true,"showParticleSystems":true},"in2DMode":false,"pivot":{"x":-0.16114310920238496,"y":0.600941002368927,"z":0.050016991794109347},"rotation":{"x":0.012283172458410263,"y":-0.9859668016433716,"z":0.1459425836801529,"w":0.08252350986003876},"size":2.303121328353882,"orthographic":false}