{"cameraMode":{"drawMode":0,"name":"Shaded","section":"Shading Mode"},"sceneLighting":false,"audioPlay":false,"sceneViewState":{"showFog":true,"showMaterialUpdate":false,"showSkybox":true,"showFlares":true,"showImageEffects":true,"showParticleSystems":true},"in2DMode":false,"pivot":{"x":-47.614341735839847,"y":-102.43067169189453,"z":235.2389373779297},"rotation":{"x":-0.25581666827201846,"y":-0.7196497321128845,"z":0.33745086193084719,"w":-0.550862193107605},"size":212.49977111816407,"orthographic":false}