{"cameraMode":{"drawMode":0,"name":"Shaded","section":"Shading Mode"},"sceneLighting":false,"audioPlay":false,"sceneViewState":{"showFog":true,"showMaterialUpdate":false,"showSkybox":false,"showFlares":true,"showImageEffects":true,"showParticleSystems":true},"in2DMode":false,"pivot":{"x":3.834104537963867,"y":-7.833980560302734,"z":11.075916290283204},"rotation":{"x":0.3010586202144623,"y":0.15455518662929536,"z":-0.051242247223854068,"w":0.9400712847709656},"size":23.885169982910158,"orthographic":false}