{"cameraMode":{"drawMode":0,"name":"Shaded","section":"Shading Mode"},"sceneLighting":false,"audioPlay":false,"sceneViewState":{"showFog":true,"showMaterialUpdate":false,"showSkybox":false,"showFlares":true,"showImageEffects":true,"showParticleSystems":true},"in2DMode":false,"pivot":{"x":-5.960464477539063e-8,"y":0.3655243515968323,"z":0.1385476291179657},"rotation":{"x":0.062020257115364078,"y":-0.9380578994750977,"z":0.2504933476448059,"w":0.232044979929924},"size":2.0578970909118654,"orthographic":false}