{"cameraMode":{"drawMode":0,"name":"Shaded","section":"Shading Mode"},"sceneLighting":false,"audioPlay":false,"sceneViewState":{"showFog":true,"showMaterialUpdate":false,"showSkybox":false,"showFlares":true,"showImageEffects":true,"showParticleSystems":true},"in2DMode":false,"pivot":{"x":98.93106079101563,"y":-103.23456573486328,"z":-208.92335510253907},"rotation":{"x":0.062369149178266528,"y":0.9372064471244812,"z":-0.26291847229003909,"w":0.22147296369075776},"size":412.18798828125,"orthographic":false}