{"cameraMode":{"drawMode":0,"name":"Shaded","section":"Shading Mode"},"sceneLighting":false,"audioPlay":false,"sceneViewState":{"showFog":true,"showMaterialUpdate":false,"showSkybox":false,"showFlares":true,"showImageEffects":true,"showParticleSystems":true},"in2DMode":false,"pivot":{"x":2.9390835762023927,"y":-0.7678678035736084,"z":-3.1395578384399416},"rotation":{"x":0.029423953965306283,"y":-0.9707971811294556,"z":0.17359484732151032,"w":0.1641477346420288},"size":3.4397470951080324,"orthographic":false}