{"cameraMode":{"drawMode":0,"name":"Shaded","section":"Shading Mode"},"sceneLighting":true,"audioPlay":false,"sceneViewState":{"showFog":true,"showMaterialUpdate":false,"showSkybox":true,"showFlares":true,"showImageEffects":true,"showParticleSystems":true},"in2DMode":false,"pivot":{"x":-1289.75146484375,"y":-629.0721435546875,"z":-234.70108032226563},"rotation":{"x":-0.15904362499713899,"y":0.7251805067062378,"z":-0.17861686646938325,"w":-0.6457048654556274},"size":2209.302490234375,"orthographic":false}