{"cameraMode":{"drawMode":2,"name":"Shaded Wireframe","section":"Shading Mode"},"sceneLighting":true,"audioPlay":false,"sceneViewState":{"showFog":true,"showMaterialUpdate":false,"showSkybox":true,"showFlares":true,"showImageEffects":true,"showParticleSystems":true},"in2DMode":false,"pivot":{"x":16.353445053100587,"y":30.44506072998047,"z":-15.952750205993653},"rotation":{"x":0.4089951515197754,"y":0.590967059135437,"z":-0.48596450686454775,"w":0.4973740577697754},"size":698.71435546875,"orthographic":false}