{"cameraMode":{"drawMode":0,"name":"Shaded","section":"Shading Mode"},"sceneLighting":false,"audioPlay":false,"sceneViewState":{"showFog":true,"showMaterialUpdate":false,"showSkybox":false,"showFlares":true,"showImageEffects":true,"showParticleSystems":true},"in2DMode":false,"pivot":{"x":-175.62777709960938,"y":37.12690353393555,"z":-266.9147033691406},"rotation":{"x":-0.031251344829797748,"y":0.9649697542190552,"z":-0.222657710313797,"w":-0.13589122891426087},"size":0.5316248536109924,"orthographic":false}