{"cameraMode":{"drawMode":0,"name":"Shaded","section":"Shading Mode"},"sceneLighting":false,"audioPlay":false,"sceneViewState":{"showFog":true,"showMaterialUpdate":false,"showSkybox":false,"showFlares":true,"showImageEffects":true,"showParticleSystems":true},"in2DMode":false,"pivot":{"x":0.9375896453857422,"y":0.379226416349411,"z":0.7482901215553284},"rotation":{"x":0.0725652351975441,"y":-0.927589476108551,"z":0.2536754310131073,"w":0.2652367651462555},"size":2.96162748336792,"orthographic":false}