{"cameraMode":{"drawMode":0,"name":"Shaded","section":"Shading Mode"},"sceneLighting":false,"audioPlay":false,"sceneViewState":{"showFog":true,"showMaterialUpdate":false,"showSkybox":false,"showFlares":true,"showImageEffects":true,"showParticleSystems":true},"in2DMode":false,"pivot":{"x":4.024367332458496,"y":13.538132667541504,"z":-7.6849822998046879},"rotation":{"x":0.18793901801109315,"y":0.20702461898326875,"z":-0.040614817291498187,"w":0.9593942761421204},"size":59.38642883300781,"orthographic":false}