{"cameraMode":{"drawMode":0,"name":"Shaded","section":"Shading Mode"},"sceneLighting":false,"audioPlay":false,"sceneViewState":{"showFog":true,"showMaterialUpdate":false,"showSkybox":false,"showFlares":true,"showImageEffects":true,"showParticleSystems":true},"in2DMode":false,"pivot":{"x":-0.1855483055114746,"y":0.9182606935501099,"z":-0.0366034135222435},"rotation":{"x":0.09305913001298905,"y":-0.8853158950805664,"z":0.20116464793682099,"w":0.4092429578304291},"size":4.898214817047119,"orthographic":false}