{"cameraMode":{"drawMode":0,"name":"Shaded","section":"Shading Mode"},"sceneLighting":false,"audioPlay":false,"sceneViewState":{"showFog":true,"showMaterialUpdate":false,"showSkybox":false,"showFlares":true,"showImageEffects":true,"showParticleSystems":true},"in2DMode":false,"pivot":{"x":-0.4958568215370178,"y":1.2925217151641846,"z":4.42834997177124},"rotation":{"x":0.021404733881354333,"y":-0.9783421754837036,"z":0.1613496094942093,"w":0.12940269708633424},"size":8.119348526000977,"orthographic":false}