{"cameraMode":{"drawMode":2,"name":"Shaded Wireframe","section":"Shading Mode"},"sceneLighting":false,"audioPlay":false,"sceneViewState":{"showFog":true,"showMaterialUpdate":false,"showSkybox":true,"showFlares":true,"showImageEffects":true,"showParticleSystems":true},"in2DMode":false,"pivot":{"x":3.0033798217773439,"y":-25.942047119140626,"z":44.24766540527344},"rotation":{"x":-0.343950092792511,"y":0.6550347805023193,"z":-0.49868956208229067,"w":-0.45180174708366396},"size":281.4441833496094,"orthographic":false}