{"cameraMode":{"drawMode":0,"name":"Shaded","section":"Shading Mode"},"sceneLighting":false,"audioPlay":false,"sceneViewState":{"showFog":true,"showMaterialUpdate":false,"showSkybox":false,"showFlares":true,"showImageEffects":true,"showParticleSystems":true},"in2DMode":false,"pivot":{"x":-1.0366804599761963,"y":-12.005646705627442,"z":11.807829856872559},"rotation":{"x":0.3633524179458618,"y":-0.027313897386193277,"z":0.010687807574868203,"w":0.9313949942588806},"size":28.74815559387207,"orthographic":false}