{"cameraMode":{"drawMode":0,"name":"Shaded","section":"Shading Mode"},"sceneLighting":false,"audioPlay":false,"sceneViewState":{"showFog":true,"showMaterialUpdate":false,"showSkybox":false,"showFlares":true,"showImageEffects":true,"showParticleSystems":true},"in2DMode":false,"pivot":{"x":-0.3139408528804779,"y":0.5278725028038025,"z":0.15638679265975953},"rotation":{"x":0.0650644525885582,"y":-0.8974919319152832,"z":0.1410764902830124,"w":0.41323718428611758},"size":1.0416584014892579,"orthographic":false}