{"cameraMode":{"drawMode":0,"name":"Shaded","section":"Shading Mode"},"sceneLighting":false,"audioPlay":false,"sceneViewState":{"showFog":true,"showMaterialUpdate":false,"showSkybox":true,"showFlares":true,"showImageEffects":true,"showParticleSystems":true},"in2DMode":false,"pivot":{"x":1.3642568588256837,"y":32.157127380371097,"z":31.746137619018556},"rotation":{"x":0.03986592963337898,"y":-0.9094901084899902,"z":0.4044863283634186,"w":0.08890876919031143},"size":20.164913177490236,"orthographic":false}