{"cameraMode":{"drawMode":0,"name":"Shaded","section":"Shading Mode"},"sceneLighting":false,"audioPlay":false,"sceneViewState":{"showFog":true,"showMaterialUpdate":false,"showSkybox":false,"showFlares":true,"showImageEffects":true,"showParticleSystems":true},"in2DMode":false,"pivot":{"x":-26.51900291442871,"y":6.87133264541626,"z":-27.218353271484376},"rotation":{"x":0.08352808654308319,"y":0.9149920344352722,"z":-0.28331273794174197,"w":0.2764543294906616},"size":2.8578836917877199,"orthographic":false}