{"cameraMode":{"drawMode":0,"name":"Shaded","section":"Shading Mode"},"sceneLighting":false,"audioPlay":false,"sceneViewState":{"showFog":true,"showMaterialUpdate":false,"showSkybox":true,"showFlares":true,"showImageEffects":true,"showParticleSystems":true},"in2DMode":false,"pivot":{"x":2.9263978004455568,"y":5.8474273681640629,"z":-7.014431953430176},"rotation":{"x":0.3565451502799988,"y":0.48001620173454287,"z":-0.22215835750102998,"w":0.7703866958618164},"size":118.91015625,"orthographic":false}