{"cameraMode":{"drawMode":0,"name":"Shaded","section":"Shading Mode"},"sceneLighting":false,"audioPlay":false,"sceneViewState":{"showFog":true,"showMaterialUpdate":false,"showSkybox":true,"showFlares":true,"showImageEffects":true,"showParticleSystems":true},"in2DMode":false,"pivot":{"x":-143.3138427734375,"y":67.25159454345703,"z":67.25615692138672},"rotation":{"x":0.10987628996372223,"y":0.8524407744407654,"z":-0.4710467457771301,"w":0.19855260848999024},"size":33.51953125,"orthographic":false}