{"cameraMode":{"drawMode":0,"name":"Shaded","section":"Shading Mode"},"sceneLighting":false,"audioPlay":false,"sceneViewState":{"showFog":true,"showMaterialUpdate":false,"showSkybox":false,"showFlares":true,"showImageEffects":true,"showParticleSystems":true},"in2DMode":false,"pivot":{"x":310.3172912597656,"y":286.5364990234375,"z":42.6602783203125},"rotation":{"x":-0.003343073185533285,"y":-0.012468282133340836,"z":-0.00010809829836944118,"w":1.0000308752059937},"size":694.3831787109375,"orthographic":false}