{"cameraMode":{"drawMode":0,"name":"Shaded","section":"Shading Mode"},"sceneLighting":false,"audioPlay":false,"sceneViewState":{"showFog":true,"showMaterialUpdate":false,"showSkybox":false,"showFlares":true,"showImageEffects":true,"showParticleSystems":true},"in2DMode":false,"pivot":{"x":21.46796226501465,"y":0.9056534767150879,"z":10.823431015014649},"rotation":{"x":0.25377053022384646,"y":0.4471142590045929,"z":-0.1338861733675003,"w":0.847427487373352},"size":3.732858419418335,"orthographic":false}