{"cameraMode":{"drawMode":0,"name":"Shaded","section":"Shading Mode"},"sceneLighting":false,"audioPlay":false,"sceneViewState":{"showFog":true,"showMaterialUpdate":false,"showSkybox":false,"showFlares":true,"showImageEffects":true,"showParticleSystems":true},"in2DMode":false,"pivot":{"x":-0.02353399060666561,"y":0.735421895980835,"z":0.6792242527008057},"rotation":{"x":0.08769356459379196,"y":-0.9100877642631531,"z":0.3193323314189911,"w":0.2499341368675232},"size":1.2170531749725342,"orthographic":false}