{"cameraMode":{"drawMode":0,"name":"Shaded","section":"Shading Mode"},"sceneLighting":false,"audioPlay":false,"sceneViewState":{"showFog":true,"showMaterialUpdate":false,"showSkybox":false,"showFlares":true,"showImageEffects":true,"showParticleSystems":true},"in2DMode":false,"pivot":{"x":-0.028316542506217958,"y":0.6587764620780945,"z":0.8796988725662231},"rotation":{"x":-0.1438070386648178,"y":0.03352511301636696,"z":-0.003956130240112543,"w":-0.9894338250160217},"size":2.982328176498413,"orthographic":false}