{"cameraMode":{"drawMode":0,"name":"Shaded","section":"Shading Mode"},"sceneLighting":false,"audioPlay":false,"sceneViewState":{"showFog":true,"showMaterialUpdate":false,"showSkybox":false,"showFlares":true,"showImageEffects":true,"showParticleSystems":true},"in2DMode":false,"pivot":{"x":0.28218770027160647,"y":4.417481422424316,"z":0.5025911331176758},"rotation":{"x":0.029019895941019059,"y":-0.04422378167510033,"z":0.0015438767150044442,"w":0.9988036751747131},"size":12.539806365966797,"orthographic":false}