{"cameraMode":{"drawMode":0,"name":"Shaded","section":"Shading Mode"},"sceneLighting":false,"audioPlay":false,"sceneViewState":{"showFog":true,"showMaterialUpdate":false,"showSkybox":false,"showFlares":true,"showImageEffects":true,"showParticleSystems":true},"in2DMode":false,"pivot":{"x":3.8613505363464357,"y":0.5755599737167358,"z":1.2840427160263062},"rotation":{"x":0.06912846863269806,"y":-0.931085467338562,"z":0.2546333074569702,"w":0.252692848443985},"size":1.219111442565918,"orthographic":false}