{"cameraMode":{"drawMode":0,"name":"Shaded","section":"Shading Mode"},"sceneLighting":false,"audioPlay":false,"sceneViewState":{"showFog":true,"showMaterialUpdate":false,"showSkybox":true,"showFlares":true,"showImageEffects":true,"showParticleSystems":true},"in2DMode":false,"pivot":{"x":198.42526245117188,"y":-44.89564514160156,"z":-72.35154724121094},"rotation":{"x":0.09670376032590866,"y":0.9019901156425476,"z":-0.3223034739494324,"w":0.2709312438964844},"size":100.5524673461914,"orthographic":false}