{"cameraMode":{"drawMode":0,"name":"Shaded","section":"Shading Mode"},"sceneLighting":false,"audioPlay":false,"sceneViewState":{"showFog":true,"showMaterialUpdate":false,"showSkybox":true,"showFlares":true,"showImageEffects":true,"showParticleSystems":true},"in2DMode":false,"pivot":{"x":-0.28748956322669985,"y":-1.0721179246902466,"z":-2.363173246383667},"rotation":{"x":-0.2281467467546463,"y":0.6924213171005249,"z":-0.24739180505275727,"w":-0.638344407081604},"size":11.548194885253907,"orthographic":false}