{"cameraMode":{"drawMode":0,"name":"Shaded","section":"Shading Mode"},"sceneLighting":false,"audioPlay":false,"sceneViewState":{"showFog":true,"showMaterialUpdate":false,"showSkybox":false,"showFlares":true,"showImageEffects":true,"showParticleSystems":true},"in2DMode":false,"pivot":{"x":20.902362823486329,"y":-89.53536987304688,"z":-29.14809226989746},"rotation":{"x":-0.458587110042572,"y":-0.5085094571113586,"z":0.3707629442214966,"w":-0.6277482509613037},"size":325.1001892089844,"orthographic":false}