{"cameraMode":{"drawMode":0,"name":"Shaded","section":"Shading Mode"},"sceneLighting":false,"audioPlay":false,"sceneViewState":{"showFog":true,"showMaterialUpdate":false,"showSkybox":false,"showFlares":true,"showImageEffects":true,"showParticleSystems":true},"in2DMode":false,"pivot":{"x":0.3781285881996155,"y":-0.3480337858200073,"z":-0.12697917222976685},"rotation":{"x":-0.35759660601615908,"y":-0.13189323246479035,"z":0.0509364940226078,"w":-0.9231200814247131},"size":5.7000579833984379,"orthographic":false}