{"cameraMode":{"drawMode":0,"name":"Shaded","section":"Shading Mode"},"sceneLighting":false,"audioPlay":false,"sceneViewState":{"showFog":true,"showMaterialUpdate":false,"showSkybox":false,"showFlares":true,"showImageEffects":true,"showParticleSystems":true},"in2DMode":false,"pivot":{"x":-0.32293012738227847,"y":0.46217185258865359,"z":0.3716702461242676},"rotation":{"x":0.062020257115364078,"y":-0.9380578994750977,"z":0.2504933476448059,"w":0.232044979929924},"size":2.2670140266418459,"orthographic":false}