{"cameraMode":{"drawMode":0,"name":"Shaded","section":"Shading Mode"},"sceneLighting":false,"audioPlay":false,"sceneViewState":{"showFog":true,"showMaterialUpdate":false,"showSkybox":true,"showFlares":true,"showImageEffects":true,"showParticleSystems":true},"in2DMode":false,"pivot":{"x":12.405692100524903,"y":25.245004653930665,"z":38.03084945678711},"rotation":{"x":0.0881410613656044,"y":-0.9047448039054871,"z":0.349799782037735,"w":0.22713422775268556},"size":2.4938900470733644,"orthographic":false}