{"cameraMode":{"drawMode":0,"name":"Shaded","section":"Shading Mode"},"sceneLighting":false,"audioPlay":false,"sceneViewState":{"showFog":true,"showMaterialUpdate":false,"showSkybox":false,"showFlares":true,"showImageEffects":true,"showParticleSystems":true},"in2DMode":false,"pivot":{"x":29.63589859008789,"y":6.102147102355957,"z":-26.023082733154298},"rotation":{"x":-0.1845153421163559,"y":-0.7204914093017578,"z":0.2111004739999771,"w":-0.6347118020057678},"size":7.016812324523926,"orthographic":false}