{"cameraMode":{"drawMode":0,"name":"Shaded","section":"Shading Mode"},"sceneLighting":false,"audioPlay":false,"sceneViewState":{"showFog":true,"showMaterialUpdate":false,"showSkybox":true,"showFlares":true,"showImageEffects":true,"showParticleSystems":true},"in2DMode":false,"pivot":{"x":-146.87957763671876,"y":-119.23738098144531,"z":177.33407592773438},"rotation":{"x":0.32334449887275698,"y":0.04892978072166443,"z":-0.01819876953959465,"w":0.9451550841331482},"size":253.15333557128907,"orthographic":false}