{"cameraMode":{"drawMode":0,"name":"Shaded","section":"Shading Mode"},"sceneLighting":false,"audioPlay":false,"sceneViewState":{"showFog":true,"showMaterialUpdate":false,"showSkybox":false,"showFlares":true,"showImageEffects":true,"showParticleSystems":true},"in2DMode":false,"pivot":{"x":1.451012134552002,"y":0.5459861755371094,"z":0.5429599285125732},"rotation":{"x":-0.09883072227239609,"y":-0.6866564750671387,"z":0.09619783610105515,"w":-0.7143386006355286},"size":3.9862916469573976,"orthographic":false}