{"cameraMode":{"drawMode":0,"name":"Shaded","section":"Shading Mode"},"sceneLighting":false,"audioPlay":false,"sceneViewState":{"showFog":true,"showMaterialUpdate":false,"showSkybox":true,"showFlares":true,"showImageEffects":true,"showParticleSystems":true},"in2DMode":false,"pivot":{"x":74.48894500732422,"y":30.665786743164064,"z":-149.89883422851563},"rotation":{"x":-0.18370193243026734,"y":0.6551787853240967,"z":-0.16896627843379975,"w":-0.713057816028595},"size":14.317415237426758,"orthographic":false}