{"cameraMode":{"drawMode":0,"name":"Shaded","section":"Shading Mode"},"sceneLighting":false,"audioPlay":false,"sceneViewState":{"showFog":true,"showMaterialUpdate":false,"showSkybox":false,"showFlares":true,"showImageEffects":true,"showParticleSystems":true},"in2DMode":false,"pivot":{"x":-4.429059982299805,"y":-3.1030657291412355,"z":7.040661334991455},"rotation":{"x":-0.2840367555618286,"y":0.28972142934799197,"z":-0.09052608907222748,"w":-0.9095247983932495},"size":21.239105224609376,"orthographic":false}