{"cameraMode":{"drawMode":0,"name":"Shaded","section":"Shading Mode"},"sceneLighting":false,"audioPlay":false,"sceneViewState":{"showFog":true,"showMaterialUpdate":false,"showSkybox":false,"showFlares":true,"showImageEffects":true,"showParticleSystems":true},"in2DMode":false,"pivot":{"x":-5.574424743652344,"y":-3.7405877113342287,"z":9.937858581542969},"rotation":{"x":0.2568811774253845,"y":-0.4797895550727844,"z":0.1496340036392212,"w":0.8256283402442932},"size":25.90544319152832,"orthographic":false}