{"cameraMode":{"drawMode":0,"name":"Shaded","section":"Shading Mode"},"sceneLighting":false,"audioPlay":false,"sceneViewState":{"showFog":true,"showMaterialUpdate":false,"showSkybox":false,"showFlares":true,"showImageEffects":true,"showParticleSystems":true},"in2DMode":false,"pivot":{"x":-10.669734001159668,"y":10.340107917785645,"z":-7.842567443847656},"rotation":{"x":0.05509622022509575,"y":0.9193606376647949,"z":-0.363807737827301,"w":0.1392308473587036},"size":130.55982971191407,"orthographic":false}