{"cameraMode":{"drawMode":0,"name":"Shaded","section":"Shading Mode"},"sceneLighting":true,"audioPlay":false,"sceneViewState":{"showFog":true,"showMaterialUpdate":false,"showSkybox":true,"showFlares":true,"showImageEffects":true,"showParticleSystems":true},"in2DMode":false,"pivot":{"x":263.87933349609377,"y":47.232208251953128,"z":-255.61044311523438},"rotation":{"x":-0.19878116250038148,"y":-0.7290225625038147,"z":0.23728691041469575,"w":-0.6105340719223023},"size":2.6475703716278078,"orthographic":false}