{"cameraMode":{"drawMode":0,"name":"Shaded","section":"Shading Mode"},"sceneLighting":false,"audioPlay":false,"sceneViewState":{"showFog":true,"showMaterialUpdate":false,"showSkybox":false,"showFlares":true,"showImageEffects":true,"showParticleSystems":true},"in2DMode":false,"pivot":{"x":-0.2905094027519226,"y":-3.5194225311279299,"z":7.005678176879883},"rotation":{"x":-0.322584867477417,"y":0.28027889132499697,"z":-0.10067824274301529,"w":-0.898495078086853},"size":17.344221115112306,"orthographic":false}