{"cameraMode":{"drawMode":0,"name":"Shaded","section":"Shading Mode"},"sceneLighting":false,"audioPlay":false,"sceneViewState":{"showFog":true,"showMaterialUpdate":false,"showSkybox":false,"showFlares":true,"showImageEffects":true,"showParticleSystems":true},"in2DMode":false,"pivot":{"x":-3.911019802093506,"y":50.98888397216797,"z":-5.163684368133545},"rotation":{"x":0.1558130979537964,"y":0.8437814116477966,"z":-0.3486267626285553,"w":0.37711426615715029},"size":72.87010192871094,"orthographic":false}