{"cameraMode":{"drawMode":0,"name":"Shaded","section":"Shading Mode"},"sceneLighting":true,"audioPlay":false,"sceneViewState":{"showFog":true,"showMaterialUpdate":false,"showSkybox":true,"showFlares":true,"showImageEffects":true,"showParticleSystems":true},"in2DMode":false,"pivot":{"x":300.09783935546877,"y":4.639631271362305,"z":-89.78633117675781},"rotation":{"x":-0.17577031254768372,"y":0.7936912775039673,"z":-0.27026045322418215,"w":-0.5161211490631104},"size":29.65826988220215,"orthographic":false}