{"cameraMode":{"drawMode":0,"name":"Shaded","section":"Shading Mode"},"sceneLighting":false,"audioPlay":false,"sceneViewState":{"showFog":true,"showMaterialUpdate":false,"showSkybox":false,"showFlares":true,"showImageEffects":true,"showParticleSystems":true},"in2DMode":false,"pivot":{"x":0.02009481191635132,"y":0.6091563701629639,"z":0.44772958755493166},"rotation":{"x":-0.21590356528759004,"y":0.4562284052371979,"z":-0.11517741531133652,"w":-0.8555824756622315},"size":9.519001007080079,"orthographic":false}