{"cameraMode":{"drawMode":0,"name":"Shaded","section":"Shading Mode"},"sceneLighting":true,"audioPlay":false,"sceneViewState":{"showFog":true,"showMaterialUpdate":false,"showSkybox":true,"showFlares":true,"showImageEffects":true,"showParticleSystems":true},"in2DMode":false,"pivot":{"x":11.636432647705079,"y":-9.876011848449707,"z":40.237083435058597},"rotation":{"x":-0.14822500944137574,"y":0.7976192831993103,"z":-0.5425362586975098,"w":-0.2179156094789505},"size":124.54283905029297,"orthographic":false}