{"cameraMode":{"drawMode":0,"name":"Shaded","section":"Shading Mode"},"sceneLighting":true,"audioPlay":false,"sceneViewState":{"showFog":true,"showMaterialUpdate":false,"showSkybox":true,"showFlares":true,"showImageEffects":true,"showParticleSystems":true},"in2DMode":false,"pivot":{"x":-116.379150390625,"y":-981.9522705078125,"z":723.8231201171875},"rotation":{"x":-0.45842012763023379,"y":0.07791242003440857,"z":-0.04043778032064438,"w":-0.8844158053398132},"size":1675.4384765625,"orthographic":false}