{"cameraMode":{"drawMode":0,"name":"Shaded","section":"Shading Mode"},"sceneLighting":false,"audioPlay":false,"sceneViewState":{"showFog":true,"showMaterialUpdate":false,"showSkybox":false,"showFlares":true,"showImageEffects":true,"showParticleSystems":true},"in2DMode":false,"pivot":{"x":-13.331789016723633,"y":38.72319030761719,"z":10.341002464294434},"rotation":{"x":0.4000312387943268,"y":0.3712206780910492,"z":-0.1815272867679596,"w":0.8180582523345947},"size":149.15020751953126,"orthographic":false}